customer_id,customer_name,gender,city,signup_date
1,Mr. Glenn Shelton,Male,Islamabad,27/08/2025
2,William Henderson,Male,Karachi,07/08/2025
3,Lori Parker,Male,Multan,03/10/2024
4,Matthew Barnes,Male,Karachi,05/10/2024
5,Thomas Hunter,Male,Multan,10/11/2024
6,Courtney Nelson,Female,Lahore,30/07/2025
7,Darryl Schultz,Female,Karachi,20/04/2025
8,Francis Thompson,Male,Rawalpindi,15/08/2024
9,Chelsea Martinez,Male,Lahore,18/08/2025
10,Melissa Chan,Female,Karachi,12/09/2024
11,Phillip Smith,Male,Islamabad,16/10/2024
12,Timothy Allen,Female,Karachi,22/02/2025
13,Henry Jackson,Male,Rawalpindi,02/05/2025
14,Janet Hensley,Female,Multan,20/01/2026
15,Andrew Stanley,Female,Multan,24/07/2025
16,Nathan Brooks,Male,Karachi,20/12/2024
17,Christine Griffin,Female,Karachi,17/08/2024
18,Kyle Hamilton,Male,Rawalpindi,02/11/2024
19,Michele Dominguez,Female,Lahore,03/12/2024
20,Amber Frank,Male,Islamabad,10/03/2026
21,Kayla Nelson,Male,Multan,02/03/2025
22,Hannah Terrell,Male,Lahore,03/07/2024
23,Lisa French,Female,Multan,27/11/2024
24,Ernest Williams,Female,Karachi,06/02/2025
25,Shannon Neal,Male,Islamabad,29/11/2025
26,Christine Mooney,Male,Lahore,05/09/2024
27,Peter Phillips,Female,Lahore,23/09/2024
28,Sandra Morales,Female,Rawalpindi,03/10/2024
29,Sergio Jones,Male,Lahore,12/11/2025
30,Melanie Dickson,Female,Multan,15/05/2026
31,Kayla Torres,Female,Islamabad,29/07/2024
32,Ashlee Thomas,Male,Multan,23/04/2026
33,Eugene Bailey,Male,Karachi,22/01/2025
34,Mark Davis,Male,Rawalpindi,20/04/2026
35,Peter Richardson,Female,Rawalpindi,18/08/2024
36,Harold House,Female,Multan,27/12/2025
37,Anthony Villa,Male,Karachi,21/12/2025
38,Maurice Wilson,Female,Islamabad,25/08/2025
39,Stephanie Ross,Female,Lahore,18/06/2025
40,Linda Wells,Female,Multan,19/09/2025
41,Rebecca Walters,Male,Islamabad,11/05/2025
42,Casey Schneider,Male,Lahore,08/09/2024
43,Joshua Holmes,Male,Multan,17/03/2026
44,Colleen Sanchez,Male,Multan,30/11/2024
45,Megan Thompson,Male,Karachi,21/11/2024
46,Angela Sharp,Female,Lahore,06/07/2024
47,Linda White,Male,Karachi,03/06/2025
48,Jeffrey Sampson,Male,Multan,01/11/2024
49,Amber Moore,Male,Rawalpindi,29/01/2025
50,Melanie Evans,Male,Islamabad,21/08/2024
51,Sheri Wheeler,Female,Lahore,02/09/2024
52,Kelly Hernandez,Male,Islamabad,07/04/2025
53,Darren Bryant,Female,Rawalpindi,08/07/2024
54,Lisa Sharp,Female,Karachi,23/10/2025
55,Patrick Rios,Male,Islamabad,04/09/2025
56,,Male,Multan,25/02/2025
57,Joshua Jenkins,Male,Karachi,13/05/2025
58,Chelsea Carroll,Male,Islamabad,04/02/2025
59,Karla Lynch,Male,Islamabad,26/01/2025
60,Zachary Sosa,Male,Multan,17/11/2025
61,Michelle Beck,Female,Lahore,29/08/2024
62,Kyle Anderson,Female,Lahore,30/01/2026
63,Audrey Turner PhD,Female,Islamabad,25/07/2025
64,Vincent Obrien,Female,Karachi,29/04/2025
65,John Wong,Male,Karachi,31/10/2025
66,Brittany Sanders,Female,Karachi,22/04/2025
67,Victor Richardson,Male,Multan,23/08/2025
68,Michelle Young,Female,Lahore,16/12/2025
69,Jonathan Mullins,Male,Karachi,03/08/2024
70,Brittany Cole MD,Male,Karachi,18/12/2024
71,Melanie Coleman,Male,Karachi,08/09/2025
72,Jose Hicks,Male,Lahore,24/02/2025
73,Kyle Johnston,Female,Lahore,30/08/2025
74,Lisa Jones,Male,Lahore,03/08/2024
75,Pam Swanson,Female,Islamabad,10/06/2025
76,Anthony Lewis,Female,Islamabad,16/03/2026
77,Kevin Gilbert,Female,Lahore,22/10/2024
78,Kimberly Shelton,Male,Karachi,17/11/2024
79,Gregory Camacho,Male,Islamabad,22/09/2024
80,Teresa Diaz,Female,Multan,28/08/2025
81,Aaron Morris,Male,Karachi,14/04/2025
82,Andrea Camacho,Male,Lahore,11/04/2026
83,Jacob Neal,Male,Lahore,16/06/2025
84,Kenneth Cochran,Male,Multan,17/12/2024
85,Kelly Park,Male,Rawalpindi,20/04/2025
86,Paige Kelly,Female,Islamabad,23/12/2025
87,Karen Solis,Female,Lahore,30/04/2025
88,Kathleen Crawford,Male,Islamabad,10/02/2026
89,Tommy Chavez,Male,Karachi,08/12/2025
90,Shannon Daniels,Male,Karachi,23/08/2024
91,John Holt,Female,Lahore,22/08/2024
92,Charles Lewis,Male,Lahore,15/07/2025
93,Megan Valentine,Male,Rawalpindi,24/03/2025
94,Julie Valentine,Female,Multan,12/08/2025
95,Deborah Smith,Male,Multan,16/07/2024
96,Gloria Shaw,Male,Lahore,21/06/2025
97,Christine Rogers,Male,Multan,01/02/2026
98,Carlos Brown,Female,Multan,27/12/2025
99,David Adams,Female,Lahore,12/08/2025
100,Danielle Gonzalez,Female,Multan,28/05/2025
101,Monica Diaz,Male,Karachi,17/03/2026
102,Mrs. Sandra Olsen,Female,Karachi,20/12/2025
103,,Male,Islamabad,22/03/2025
104,Emily Lewis,Female,Multan,11/08/2024
105,Laura Riggs,Male,Karachi,30/09/2024
106,Joseph Howell,Male,Multan,12/12/2025
107,Mario Torres,Female,Multan,17/12/2025
108,Matthew Smith,Female,Lahore,27/10/2024
109,Jeffrey Rivera,Female,Karachi,01/07/2024
110,Carmen Hughes,Male,Lahore,08/07/2024
111,Ashley Walker,Female,Multan,25/06/2024
112,Zachary Blankenship,Female,Multan,08/11/2025
113,Caitlin Williams,Male,Lahore,20/09/2024
114,Zoe Carr,Male,Rawalpindi,04/02/2026
115,,Female,Rawalpindi,22/06/2025
116,Joseph Jackson,Male,Islamabad,23/03/2025
117,Ashley Smith,Male,Rawalpindi,06/04/2025
118,Sydney Garrett,Female,Lahore,21/01/2026
119,Sara Rogers,Female,Islamabad,26/09/2025
120,Angela Jackson,Male,Lahore,21/08/2024
121,,Male,Rawalpindi,24/04/2025
122,Kimberly Bennett,Male,Islamabad,29/07/2024
123,Amy Rojas,Female,Multan,20/11/2025
124,Jessica Cole,Male,Karachi,15/11/2025
125,Sharon Gutierrez,Female,Lahore,26/09/2024
126,William Garcia,Female,Karachi,08/10/2024
127,Alan Walker,Female,Islamabad,04/04/2026
128,Heather Sanchez,Female,Rawalpindi,29/07/2024
129,Joseph Sweeney,Male,Rawalpindi,07/11/2024
130,Karen Willis,Male,Islamabad,24/04/2025
131,Keith Gomez,Female,Karachi,14/05/2026
132,Anne Donovan,Male,Islamabad,01/08/2025
133,Steven Martinez,Female,Multan,28/06/2025
134,Misty Robbins,Male,Islamabad,07/09/2024
135,Ashley Roberts,Female,Islamabad,24/02/2026
136,Jon Harrington,Female,Multan,22/05/2025
137,Kimberly Wilson,Female,Rawalpindi,01/08/2024
138,Brandon Mendoza,Male,Multan,16/06/2025
139,Lisa Moore,Female,Multan,12/09/2025
140,Christopher Huff,Female,Islamabad,16/02/2025
141,James Reilly,Female,Rawalpindi,24/03/2026
142,Suzanne Carter,Male,Multan,20/01/2025
143,Jessica Robinson,Male,Karachi,13/08/2024
144,Diana Bush,Female,Karachi,12/02/2025
145,Dustin Walker,Male,Islamabad,10/11/2025
146,Anna Villanueva,Male,Lahore,09/06/2025
147,,Male,Rawalpindi,17/06/2024
148,Sonya Schultz,Male,Rawalpindi,19/11/2024
149,Sarah Edwards,Male,Rawalpindi,28/11/2025
150,Stephen Black,Male,Lahore,17/10/2024
151,Jack Booth,Male,Karachi,19/08/2024
152,Nathaniel Myers,Male,Lahore,04/04/2026
153,John Blankenship,Female,Karachi,10/04/2026
154,Ronald Schneider,Male,Rawalpindi,27/05/2025
155,Jason Ford,Female,Multan,24/12/2025
156,Eric Ballard II,Female,Rawalpindi,10/06/2024
157,Christian Johns,Female,Multan,09/07/2025
158,Nicole Phillips,Male,Rawalpindi,02/06/2025
159,Kyle Horn,Male,Islamabad,14/06/2025
160,Christian Mcdaniel,Female,Lahore,20/02/2026
161,Seth Cruz,Male,Islamabad,21/01/2026
162,Antonio Cross,Female,Islamabad,16/12/2025
163,Jasmine Adams,Male,Lahore,10/02/2026
164,Marvin Noble,Female,Lahore,24/01/2025
165,Jennifer Webb,Male,Rawalpindi,14/11/2024
166,Johnathan Howard,Female,Rawalpindi,17/09/2025
167,Eric Proctor,Female,Rawalpindi,02/10/2025
168,Nicholas Williams,Male,Multan,20/11/2024
169,Chase Johnson,Male,Islamabad,20/12/2025
170,Kevin Whitaker,Female,Rawalpindi,13/04/2025
171,Raymond King,Male,Rawalpindi,31/03/2026
172,Shelley Harrington,Female,Rawalpindi,03/07/2024
173,,Female,Rawalpindi,13/06/2024
174,Paul Lewis,Female,Lahore,07/07/2025
175,Mallory May,Male,Rawalpindi,02/02/2026
176,Margaret Fletcher,Male,Karachi,19/06/2025
177,Nathan Williams,Male,Rawalpindi,19/03/2026
178,April Baker,Female,Rawalpindi,11/01/2025
179,William Garcia,Female,Islamabad,14/12/2025
180,Mary Klein,Female,Islamabad,30/06/2024
181,Ariel Cruz,Female,Islamabad,17/11/2024
182,David Ortiz,Female,Karachi,26/11/2024
183,John Sanchez,Male,Islamabad,14/04/2025
184,James Ward,Male,Karachi,20/07/2024
185,Chase Chen,Male,Lahore,16/09/2024
186,Thomas Hoover,Male,Lahore,20/08/2025
187,Stephen Foley,Male,Multan,06/09/2024
188,Linda Clayton,Female,Islamabad,14/04/2026
189,Nancy Williams,Male,Multan,04/12/2024
190,Juan Salazar,Male,Lahore,29/09/2024
191,Michael Sutton,Male,Multan,21/05/2025
192,,Female,Multan,10/07/2024
193,Cody Wells,Female,Rawalpindi,06/08/2025
194,Kevin Combs,Male,Karachi,09/07/2025
195,Elizabeth White,Male,Karachi,24/05/2024
196,Jamie Browning,Female,Multan,24/12/2025
197,Christine Butler,Male,Islamabad,10/04/2025
198,Terry Scott DDS,Female,Karachi,27/04/2026
199,Russell Lopez,Female,Karachi,27/01/2026
200,Lauren Carr,Female,Karachi,02/10/2025
201,Charles Stewart,Female,Rawalpindi,28/12/2025
202,Antonio Mclaughlin,Female,Lahore,08/09/2024
203,Amy Gillespie,Female,Multan,15/04/2026
204,Amber Brennan,Female,Rawalpindi,10/11/2025
205,Robert Suarez Jr.,Female,Islamabad,04/10/2025
206,Matthew Smith,Male,Islamabad,24/05/2025
207,Linda Schultz,Male,Rawalpindi,02/02/2026
208,Lisa Mayo,Female,Islamabad,16/01/2025
209,,Female,Lahore,06/08/2024
210,James Brandt,Female,Islamabad,07/09/2025
211,Charles Castillo,Female,Multan,17/04/2025
212,,Male,Karachi,27/04/2025
213,Chelsea Avila,Female,Rawalpindi,17/12/2024
214,Carla Rodriguez,Male,Rawalpindi,18/08/2025
215,Linda Fernandez,Female,Rawalpindi,06/09/2024
216,James Mueller MD,Male,Islamabad,11/12/2025
217,Christian Hernandez,Male,Islamabad,23/01/2025
218,Linda Walsh,Female,Rawalpindi,24/05/2024
219,William Beard,Female,Rawalpindi,22/04/2025
220,Kathryn Clark,Female,Islamabad,14/01/2026
221,Pamela Preston,Female,Islamabad,07/02/2025
222,Sara Sims,Male,Lahore,10/10/2025
223,Jamie Oneill,Male,Lahore,20/02/2025
224,Grant Hall,Female,Islamabad,08/08/2025
225,Dana Lewis,Female,Karachi,13/02/2025
226,Michael Kelley,Female,Lahore,17/06/2025
227,Carl Valdez,Female,Karachi,27/11/2025
228,Shawn Chapman II,Male,Islamabad,05/02/2026
229,Nathaniel Hampton,Male,Multan,06/08/2025
230,Ian Johnson,Male,Rawalpindi,08/11/2025
231,Travis Sawyer,Male,Multan,31/08/2024
232,Mckenzie Stevenson,Female,Rawalpindi,25/10/2024
233,Kelli Nelson,Male,Islamabad,19/11/2025
234,Juan Wheeler,Female,Karachi,16/09/2024
235,Elizabeth Bowman,Female,Rawalpindi,29/10/2024
236,Tina Yang,Male,Lahore,25/11/2024
237,Shawn Rhodes,Female,Karachi,16/01/2025
238,Scott Evans,Male,Multan,10/11/2024
239,Edgar Hall,Male,Multan,09/06/2025
240,Tony Davis,Female,Islamabad,29/07/2024
241,Joanne Howard,Female,Islamabad,01/04/2026
242,Stephanie Fisher,Male,Multan,29/06/2024
243,Tonya Hunter,Male,Lahore,05/11/2025
244,Nathan Santiago,Female,Karachi,21/05/2024
245,David Johnson,Male,Multan,25/01/2025
246,Tammy Petty,Male,Rawalpindi,24/05/2025
247,Matthew Strickland,Female,Islamabad,24/05/2025
248,John Gonzalez,Female,Islamabad,13/07/2025
249,Melissa Barker,Female,Karachi,28/05/2025
250,Jonathan Johnson,Female,Multan,15/09/2024
251,Ana Mitchell,Male,Rawalpindi,06/03/2025
252,Christopher Rodriguez,Male,Lahore,14/06/2024
253,Evelyn Chambers,Male,Karachi,08/12/2025
254,Tina Campbell,Female,Multan,10/02/2025
255,Ryan Goodman,Female,Rawalpindi,22/09/2025
256,Howard Erickson,Female,Rawalpindi,20/10/2024
257,Jasmine Barr,Female,Rawalpindi,28/09/2025
258,Erin Bush,Male,Rawalpindi,14/02/2025
259,Kevin Day,Female,Karachi,03/02/2026
260,Christina Marshall,Male,Islamabad,20/01/2026
261,Jennifer Rodriguez,Male,Rawalpindi,17/02/2026
262,Eric Ramirez,Female,Islamabad,05/05/2025
263,Brandon Decker,Female,Rawalpindi,30/05/2025
264,Randy Patterson,Female,Islamabad,19/05/2026
265,Elizabeth Brady,Female,Karachi,26/08/2024
266,Brittany White,Female,Rawalpindi,06/03/2026
267,Sylvia Jordan,Female,Rawalpindi,23/08/2025
268,Joel Morrison,Male,Rawalpindi,20/08/2025
269,Ashley Hernandez,Female,Islamabad,29/11/2025
270,Curtis Thompson,Female,Multan,12/04/2025
271,Ryan Chaney,Male,Multan,22/10/2024
272,Andrew Miller,Male,Lahore,09/01/2025
273,Crystal Calderon,Female,Rawalpindi,19/11/2024
274,Daniel Fuller,Male,Islamabad,27/01/2026
275,Joshua Stephenson,Female,Rawalpindi,27/07/2024
276,Scott Allison,Female,Karachi,29/03/2026
277,,Male,Lahore,26/08/2025
278,Mark Kim,Male,Multan,11/01/2025
279,Carolyn Villa,Male,Karachi,31/08/2025
280,Kimberly Holt,Male,Lahore,28/05/2024
281,Eric Morales,Female,Multan,15/09/2024
282,Melissa Walker,Female,Rawalpindi,08/06/2025
283,Tammy Wright,Male,Rawalpindi,29/03/2025
284,Connie Collins,Female,Lahore,25/03/2025
285,Jonathan Mendez,Male,Karachi,11/09/2025
286,Ryan Ramos,Female,Islamabad,02/04/2025
287,Stephanie Ellis,Female,Karachi,04/06/2024
288,Colleen Smith,Female,Multan,17/07/2024
289,Christopher Taylor,Female,Lahore,01/02/2026
290,Miss Nancy Bentley DDS,Female,Islamabad,22/11/2025
291,Julia Weber,Female,Rawalpindi,08/11/2024
292,Francisco Kaiser Jr.,Male,Lahore,07/04/2025
293,Seth Gutierrez,Male,Rawalpindi,30/12/2025
294,Carolyn Williams,Female,Rawalpindi,27/03/2025
295,Casey Rodriguez,Male,Rawalpindi,07/06/2024
296,Katie Romero,Male,Multan,16/01/2025
297,Kimberly Hunter,Female,Karachi,07/04/2025
298,Stephanie Harris,Female,Karachi,25/11/2025
299,John Wallace,Female,Karachi,27/08/2024
300,Richard Morales,Female,Lahore,22/07/2025
301,Melissa Carey,Female,Islamabad,07/10/2025
302,Amanda Smith,Female,Karachi,11/03/2025
303,Debra Dorsey,Female,Islamabad,07/03/2026
304,Betty Flores MD,Female,Multan,13/09/2024
305,Andrea Miller,Male,Lahore,07/01/2026
306,Lisa Walker,Female,Lahore,08/10/2025
307,Michael Mitchell,Female,Karachi,26/09/2024
308,Jason Jenkins,Male,Rawalpindi,14/12/2025
309,Scott Gray,Female,Karachi,11/06/2025
310,Megan Fisher,Male,Islamabad,19/11/2025
311,Theresa Hughes,Female,Lahore,20/04/2026
312,Thomas Jones,Female,Multan,14/12/2024
313,Stacey Williamson,Male,Lahore,16/03/2025
314,Sarah Smith MD,Female,Multan,28/12/2025
315,Chad Ferguson,Female,Multan,12/06/2025
316,Stephen Johnson,Female,Islamabad,08/04/2025
317,Mrs. Erika Bean,Male,Rawalpindi,06/01/2025
318,Jennifer Carr,Male,Karachi,04/05/2026
319,Timothy Malone,Female,Multan,08/07/2025
320,Stephanie Knight,Female,Islamabad,11/07/2024
321,Justin Hooper,Female,Lahore,19/05/2025
322,Michele Smith,Female,Karachi,30/09/2024
323,Amanda Davis,Female,Multan,18/02/2025
324,Mitchell Bradley,Female,Karachi,28/11/2025
325,Cynthia Kennedy,Female,Islamabad,10/11/2024
326,,Male,Multan,24/05/2024
327,Laura Moreno,Female,Lahore,30/11/2024
328,Kelly Williams,Female,Lahore,02/08/2025
329,Christine Blankenship,Female,Lahore,19/09/2024
330,Joshua Perry,Male,Islamabad,30/05/2025
331,Christopher Deleon,Male,Multan,03/04/2025
332,Jeff Leonard,Male,Karachi,19/08/2025
333,Peter Hunt,Female,Rawalpindi,28/10/2024
334,Nicholas Smith,Male,Multan,16/05/2026
335,Joanna White,Female,Multan,29/10/2025
336,Brian Morgan,Female,Lahore,01/03/2025
337,Christopher Hubbard,Female,Islamabad,20/08/2025
338,Curtis Chase,Female,Karachi,17/04/2026
339,Jacob Hamilton,Male,Lahore,07/06/2024
340,Anthony Jones,Male,Rawalpindi,30/12/2025
341,Richard Byrd,Female,Karachi,11/05/2025
342,Carla Carroll,Male,Islamabad,15/07/2025
343,Victoria Golden,Female,Islamabad,18/02/2026
344,David Obrien,Female,Multan,08/07/2025
345,Amy Barrett,Female,Karachi,31/10/2025
346,Jerry Taylor,Female,Karachi,21/08/2025
347,Emily Lee,Female,Multan,08/05/2025
348,Brandon Kline,Male,Rawalpindi,12/06/2024
349,Leonard Palmer,Female,Rawalpindi,29/12/2024
350,Barbara Marks,Male,Karachi,06/09/2024
351,Kelly Gomez,Female,Karachi,20/01/2026
352,Carlos Hill,Male,Rawalpindi,15/06/2024
353,Bruce May,Female,Multan,03/11/2024
354,Tina Downs,Male,Rawalpindi,27/02/2026
355,Natalie Johnson,Female,Multan,02/12/2024
356,Miss Teresa Marshall PhD,Female,Karachi,21/03/2026
357,Ruth Brown,Male,Rawalpindi,09/04/2025
358,Jimmy Robinson,Male,Islamabad,21/08/2024
359,Lisa Davis,Female,Multan,16/04/2025
360,Andrew Morales,Female,Karachi,03/03/2025
361,Tammy Gay,Male,Karachi,19/11/2025
362,Karla Martinez,Female,Karachi,24/08/2025
363,Cory Peck,Male,Karachi,19/06/2024
364,Bianca Cherry,Male,Lahore,11/10/2025
365,Wayne Baker,Male,Karachi,19/04/2025
366,Tyrone Rivas,Male,Multan,17/09/2025
367,Vanessa Miller,Male,Islamabad,04/09/2024
368,Adriana Ponce,Male,Islamabad,28/01/2026
369,Teresa Sellers,Male,Lahore,26/01/2025
370,Deanna Owens,Male,Karachi,29/05/2025
371,Amber Cain,Male,Lahore,20/06/2024
372,,Male,Multan,20/11/2024
373,Steven Smith,Male,Islamabad,02/11/2025
374,Joshua Martinez,Female,Multan,11/04/2025
375,Jessica Tapia,Male,Rawalpindi,07/05/2025
376,Tara Mckinney,Female,Multan,03/05/2025
377,Trevor Mccarthy,Female,Multan,25/04/2026
378,Jesse Wilson,Male,Multan,06/06/2025
379,Chelsea Brock,Male,Karachi,05/01/2025
380,Mark Nelson,Female,Rawalpindi,10/06/2024
381,Elizabeth Flores,Female,Rawalpindi,12/07/2024
382,Gina Barton,Male,Islamabad,29/11/2025
383,Joshua Bowman,Male,Lahore,21/04/2026
384,Jennifer Simmons,Female,Rawalpindi,01/07/2025
385,Warren Key,Female,Rawalpindi,08/02/2025
386,Craig Brooks,Female,Karachi,27/09/2024
387,Deborah Jackson,Male,Multan,13/02/2025
388,Thomas Middleton,Male,Rawalpindi,30/09/2025
389,Andre Thomas,Male,Rawalpindi,02/02/2026
390,Michael Martinez,Female,Rawalpindi,25/09/2024
391,Aaron Morris,Male,Islamabad,09/03/2025
392,Pamela Hughes,Female,Islamabad,07/03/2025
393,Kristine Gutierrez,Female,Karachi,18/02/2026
394,Kenneth Barker,Male,Karachi,16/05/2025
395,Todd Clark,Female,Lahore,14/09/2024
396,Elizabeth Griffin,Female,Karachi,05/06/2025
397,Alexis Wang,Female,Karachi,18/10/2025
398,Elizabeth Hubbard,Female,Islamabad,21/03/2025
399,Jeffrey Moore,Male,Lahore,08/08/2025
400,Timothy Rodriguez,Male,Karachi,17/12/2024
